Id,Predicted
0,.sOinkRIsiGDhkasthvAnhmhlzWudnathfektDhbilfrAnhmhlRIsrcsignifikhntlI!.
1,.SAmRakHAzintRissintelhviZhnAndREdIOstEShnz.enrjIsrvisizRIlistEtAndvencrkAphthl.
2,.bRitiSkhmp?UtrbRAnzlyksinkleRAndEkanHAvblUmdbhtkWiklIfEdid.piRIhd_.
3,.!HIsez_EtkhngetkoRnIdtisEDht?Uzikizh?UnhvrshlvyGlijbyDhtRIlIez.
4,.?etIvinAtEtIsiksHIizkhnsidrdDhkhntRIzmOstynAmikphlithkhlfig?r_.
5,.bhtDeRpap?hleRhtIgRUslOlI.bikhztRAnzmiShnofhnWhTslhgiSkamh_pRintiGmesI_hndmhSInzkudhn.dhbhlkWOt.tok.dhbhlkWOt.tUIchDrifiShntlI!piRIhd.
6,.DhpIphlzpaRtIkandREtmUvdintikIphziShnzhneRIhzhvphblikAdministREShn!inklUdiGHelT_ejhkEShn!lEbr_foRhnRIlEShnzhndAgRI.
7,..sIprvyzrztOltidDhtifHIdidhnSEzkamh@IWudbItRAnsrtUhphziShnkamh@AthlOrsAlrIkamh@DhdidntinvalvphblikkantAkt.piRIhd.
8,.inhsepRhtinshdhnt.E?UesdistRYrfyrdmhSInDenWoRniGSatshtUsmolhnydenhfydbOtsDhthpROcDhkanvY~.
9,..mItWylkamh@DI?IldDhnmenIm?UnishphlRevhn?UbandzHAzbinHhvriGrwnEtAndWhnETprsent.piRIhd_.
10,.OnlIhf?UstEtsRIkWyrhnimplYmhntkamphnsEShnfrlaktwtWrkrz.
11,..olsikstInAnhlhsinDhsrvEpRidiktiztRoGrTrdkWoRtr@DhnDhslhgiS.sekhnkWoRtr.piRIhd_.
12,.AndDEmEbIEvrlugethWEWiTDhlatnoRhvDIzphblisitImhnUvrzWiTwtdivid@hp.mhcRIlgRwnd.
13,.WylnatRUliGwtDhtDI?UeskrhnsIkuddiklynOvrtym_mistrlipskIhvsAlhmhn.sezHITiGksDhjuRIizstilwt_.
14,._DhgWaRdIAHAzOnlIfiftIsevhngEts.bhtApIkwrz.dhzhnzhvmoRplEnzmEbIanDhgRwnd_.
15,.DhfrrmseditdhzhnkamentanitsstakRekhvhdEShnzoRrniGzesthmht.
16,.bikhzDhkhnsrvhtivpaRtIkhntROlzDhpaRlhmhnt.DhWinrhvDhtappaRtIpOstolsObikhmzpRymminhstr_.
17,.maRkitAkShnWhzinsenShlIdyjhstinWenzdEzRw.
18,.isikstIHyfhndEtisikstIfyvHyfhndEshplyizthnsidrdkhptrhbhl.piRIhd.
19,..pItrAfbeRIshksIdzmistrkhniRindWaSiGthnezhvyspRezhdent!.
20,..foRmhnTsHIdAdshfrtnytsWitsf?rzAnWEtlos..
21,.shmitsHAvDeRphlitikhlbenhfitshvkoRs_natlIst.DhtDhpRezhdent.damhnEtsDhn?Uz.
22,.mistrkAtshnbrggsedm?UzikhndphbliSiG!oreRIhzdiznIWudfrDriksploRWiTDhmhphts.piRIhd.
23,..injAn?UeRIDIeRhbikspIkiGhmidIst.eksprj.mistrmaRcfiROzof_ryvdtitEkcaRjhvDhdelhgEShn
24,.AzmizkendhlinmistrlOsIit.swTAfrkhzsentRhlghvrmhnt.itzlykhbig!lhmbriGtAGk!.
25,.DETiGkstElIthdEizhnIvinbetrbREkhpplEDAtinnyntInEtIsiksWindRekshlAnditsklyhntshk?Um?hlEtidDhstakpiRIhd.
26,..IvinDIhvil?hnsanDhfloRhvDhnU?oRkstakikscEnjWhztemprdbyEf?UklIvIDl@.
27,.itinvytidRezidhnsthjYnhkhmitItieRDeRdRypshgenstDhkhmphnIhnddiskhsshlUShnz.
28,..hfiShlzhntigOsthgatbhsedDhplEndignoRdrkWesttUlAndAftrentriGHhndrhneRI@.
29,.stil_kamh@DhbukiznatintendidezEkofIHyfhntEbhldisplEpIs.piRIhd.
30,.lAstWIk!kamh_DhpRRUvIhnghvrmhntoRdrdDhtolsOvrpRhdUstbystEtHyfhnOndmynzmhstbIsOldthDhsentRhlbAGk.piRIhd!.
31,.DhfilhpInmiliteRIsedithHAdhnkhvrdhplybykamhnhstgriliztikilRItyrd?UesmEjrjenrhlsiGglhb_.
32,.DhfI?oGDhgRInoRbEsik!kaRd@WhljhmptttUfiftIfyvdalrz.
33,.!shmsoRshsedshm@hvDhlestRhdiShnhlHOldrzhvjenrwl!dhpbeljIksSeRzkudbItempthdbyDhpRaspethvkAphthlgEnz.
34,.bht.DhcynIzHyfhnbAktkhmeRhRUzizthstRoGghstfoRsinhTRIHyfhnpaRtIRIzisthnskOhliShnkamh_hndbAkrzsEitmhstHevhROl.piRIhd.
35,.hndrDhbywtplAnkamh@shntr!intendztUbiginhkAStendrofrfrolhvelhgEnIzSeRzwtstAndiGbyfRydE.piRIhd.
36,.mistrpOlOolsOOnjDhfAShnkhmphnI!.
37,..DhRESIhvsignhldfyvhvDhmaRkitssevhnkWoRtrlIdwntrnzinDhnyntInsevhntItiEtIsevhnpiRIhd.piRIhd.
38,.Andbisydz.kamh@nAmWhzhloGtymhgO.piRIhd.
39,.HwevrinkRIsiGDhkasthvRIsrjAnhmhlzSidmOthvEtRIsrcrznattUWEsDhmanmiRlIkiRIhsoRRipeditivsthdIz.
40,.penzYlHAzbhnfRediGOvrDhditElzhvmUviGDhmhnI!evrse!.
41,..lAstHyfhnmenht.mIdIEShnhtwnpsfwndrdOvrDIiSUzhvpwrHyfhnSeRiG_AndpIsHyfhnmanhtrin.piRIhd.
42,.bhtlukhlithlfrDr_dASDeRaRWEzrwnHyriGfRIziz.piRIhd!.
43,.mIntymmoRdhpaRcrzlUmenIfiRzDhtDIaprtUnhtIizfh!.
44,.HIvAl?UzDhpyplynAsetsAt.TRIbil?hndalrzsemhkOlhn_DhSip.bildiGaprEShnzht.tUbil?hndalrz.semikOlhn.AndDIothmOtiv?UnitAtmoRDhnWhnbil?hndalrz.piRIhd_.
45,.nUmrhskamRAdzWrhpYnthd.mOsthvRUmgRAcREtidfrm?UnhvrshtIzhndkamhnhstblakmEShnz.
46,.itmEbIDhtyRstRhkcrhndmhlthplisitIhvkoRprEShnzizhnDhmOstifektivfrDhf?Ucr_.
47,..joRdjIaRkhniRADhsekhnd.WhznEmdtiDhn?UpOsthvsIn?rvyspRezhdent.incaRjhvloGREndplEtiGinRilEtidghvrmhntRIlEShnz.
48,.DhRizhltWhzpaht!.
49,.WIcAnbIdogmAtikhbwtitpiRIhd!dhbhlkWOOt..
50,.Adzjem@hdiviZhnmAnhjrfoRhRItElr.itshdalgEt.dolgWrld.
51,..itizhphtiSinkamh-AtofhndishpYntiGikspiRIhpspiRIhd_.
52,.DEklEmDEsiksIdidinDishbjektivkamh@bhtjhjsOfeR+sezDhRekrd.SOzDhsOvIetsnevrhgRIddUit_semikOlhn_iffDEdidhntkamh_WySudWEE!kWeschnmaRk!.
53,.inshminsthnshzkamh@mAnhnjmhntizlrniGhvDIzmItiGsUWelHyfhnplEst!mOlz.piRIhd.
54,.WIWrjenthlmenhthbwtit.piRIhd_.
55,..?UesWoRSipshndHelikaptrz_cEsthWEAndranIhnWoRSipfrmhkanhvYdhfoRkUWEtItAGkrzinDhpReZhnghlf!.
56,.DhREtiGkhnsrnolsOplEst!DhsiGghlHyfhnEHHyfhn.tUsIn?rdetREtiG_hsIesekshz.tekshsgAstRAnzmiShn?UnhtonRIv?Ukamh_WiT.diRekShnansrthn.piRIhd.
57,.mOstimpoRthntlIkamh@zhbukkamh@lykDIigzimitkamh@przentshningEjiGsrvEhvinrlEstfoRmztUDhsentrIz.dASWhnWIkhnlrndfRrmAndinjY.piRIhd.
58,.DhbRitiSphblikHhzgathn?UzdtUinjYnshclUtIleftthstoRIzezpaRthvitsReg?hlrn?UzpEprdyht..
59,.DEkhnbIHleRIhslIfhnIkamh.AzWelezHylIifektivtUlzfrsAtyr_piRIhd!.
60,..ekhnamikAghnIkamh@moRDhnRIfoRRmkamh@HAzpRadhdpOlhnztUletDhRipeRmAntlUs.piRIhd!.
61,.!DhShthlWudbIDhfrsttUliftafshnsDhnyntInEtIsikscAlhnjriksplOZhn_.
62,.WhnizDAtWIWhlHAvDhsrplhsbhtSedint..
63,.DhplAnWhzdiskhvrdAftrdikOtiGdAthkApcrdilAstWIksrestrtWentIRebhllIdrz.
64,.maRkitAkShnWhzhsenShlIdyjestiGWensdEzRAlIpiRIhd!.
65,.AndshmcEnzkamh@shcezHaldEkoRprEShnkamhSeRdinkoRprEShnAndHyhtHOtelzkoRprEShn.kamh.insistDEWhlmEkpleniGhvRUmzhvElhthlAtbaRginREts.piRIhd!.
66,.bhtbOTkhmphnIESudbenhfitfrmhnhptrninDIYlhndhnnAcRhlgAspUzmhnts.
67,.DhgOldkaRd.WicinkRUdzhf?UhdiSnhlsrvhshzWhlnwkastsevhnIfyvdalrzi!.
68,.mistryzhmhn.DIaphziShnbiznismAnsezaRnUfOizhnDhshlUShnbhtDeRizhnenIshlUShnWiTwtaRnUf!.
69,.AftrDhTrtIHyfhndEpiRIhdkamh_DhSeRzWudbIkhnvrthbhlAthlOrRiSIO..
70,..hksepthdbidzREnjdfrmsikspYntTRI~Etfyvprsent.thsikspYntfoRTRIsiksprsent.
71,..DeRaRolWIshmpAshmistAndsinikssedhfloRhspeShlist_.
72,.tUstIphfol.khnmInHyrinflEShn.hndivenchlIHyrintRistREts.
73,._DhbAGkHOldiGkhmphnIzflEtidhnhDrfiftImil?hndalrsel@frnekst?UzdE..
74,.DhRIkol@ikspAnzanhWhzdRolhvhDrmadhlzbIganhnrlIrDisWik!.
75,.pRabhblIDhlaRjhstkhntRib?htr.thDhrniGzhptrnfrmEjrpRhdUsrz.izhn?UpEstRhkcrHAmrdwtthnDhHevhlI?Un?hnyzdhphsifiknoRTWest.
76,.inhdiShnnUklIrfRIzOnzofhninklUdrEnjnhntsDhtRIkWyrdnOklIRWephnzdhplYdhjEshnzhvDizOn_anlAndoRAtsI.pIpOldbA.
77,.bhtDhfedhhlRIzrvhndmistrgRInspAnaRlyklItibIWrkiGHaRdtikIpinflEShndwn.
78,.tUilIvIEtHizkhndiShnkamh@mistrpatrshnstapstEviG.piRIhd!.
79,..bhtDeRrolsORisRId.
80,.inoRdrtistEkhmpetitivhtDhpRhlhfREtiGnhmbrhvsmolnan?Un?hnaprEShnzinDhRIdhn.mOskhmphnIzHAvshksesfhlIskWIzshvstAnchlWEjkhnseShnzfrmlebr?Un?hn.
81,.DIAktWhzizhnnAcRhlfrHimezItiGpuRkkamh@HItOldhfRend.piRIhd..
82,.nwkamh@WImhstHAvhnn?UshmTiGdAS~oR.dAS@hDrtUinSuRDhtDIeldrlInatbIWyptwtfynAnShlIendImOShnhlIbyliGgrIiGkamh@fynhlellhs.piRIhd!.
83,.mistrbeRIHAdbinpRezhdenthvHaRdminsisthmzh?UnithvfighintrnAShnhlinkoRprEt!.
84,.DEvbAnin?UsinDI?UessensDIrlInyntInsevhntEtTspiRIhd.
85,.itWhzhntthgivhWrE~.
86,.ifitizhnWantsEiGitshnhDr_.
87,.bhtDis?iRkamhpaRtIbAthlzrleskhntenShshndaptrpolkamh@HUhzonDhbAlht.hndfoRtIsiksstEtskamh@HOpsfrAtlIstWhnmil?hnvOts.piRIhd.
88,.bhtifDhHistrIhvhDrAfRhkhnnEShnzizenIgyd_Wyts.indIhnzhndsmolblAk.tRabSudfiRDht!.
89,.OldpIphlSudnatHAvtilivWhtDhkansthnkHiRDhtDEkudendhprUendidevRIWEbyDAtlAsdonhskamh@lIviGhdesthtUtspws.piRIhd.
90,.bhtDhbulzWOntgiv@hppiRIhd_.
91,.telhviZhnsetmEkrz.RegrhlIskejultIvIpROgRAmiGbigAnHiR.HAvlostwtthDhjAphnIzAnd?uRhpIhns.
92,.DAtsmoRhlesWhtDhblUcip!ikanhmisikspekt_.
93,.DhShthlWudbIDhfrsttUliftofsensDhnyntInEtIsikscAlhnjriksplOZhn.piRIhd_.
94,..HIAdid.kOlhndhbhlkWOt.EnIofrDEkamhzinizgOiGhbIRIv?Ud..
95,..menI@hDrz.kamh@hvEtiGtAksiz!kamh@dUitanDhsly.piRIhd!.
96,.foRigzAmphl_itlykstaksDhtselethllOmhlthbhlhvDhkhmphnIzbukvAl?U_oRAsetsmynhslyhbilhtIzprSeR!.
97,..nw+sIbh-iztRyGtUmEkhmenp!.
98,.AGgrdlikUd.hfiShlzkhnlInDeRHykoRttijhjmistrAmrhvlAsshmr.piRIhd.
99,.itWhlseleksdivhdendAthlEEtrdEt!.
100,.dhbhlkWOt.foRDhRekrddhbhlkWOt_iznhkwnthvhthfkamhshksesfhlbiznhsmAnztuRhbhlWoSiGthnikspiRIhdz.
101,.foRHiztapEdkamhHIpiktkantRAkthnoRghnyziGcIfWoltrSI_kamh@HUendidHizOnbidtibIpRezhdentbybAkiGmistrmhkaRTIpiRIhd.
102,.AktrhlE!kamh@sinshzgRondhTrdIEdylykithlatkamh@dhbhlkWOtHIsez.piRIhd.
103,.DisizhvDhtymthtEkDhcAnsinAsksDhmDAtsezmistrAphlbam.HUAdzDAtHizHOfOnHizbhd_.
104,.DhsitIkhnpRabhblIHAndhltUpROgRAmzkamh@sezSaRpmhmoRIhlAdministREtrcaRlzkOk_kamh@dhbhlkWOt_bhtTRIrfoRkudbIpRablhmAtik_piRIhddhbhlkWOt.
105,.itshbwtWyksevhntIndEzinhbEdIzlyfkamh.dhbhlkWOt.sezmistrdikI.kamh_hvetrhniGgWhStIcrHiRhdjhpAn.piRIhd!.
106,.Dhn?UdIlbRotsOShlsik?uRhtIkamh@hnd_Dhn?UfRentiRbRotmedhkeR.piRIhd.
107,.bhtDeRpap?hleRhtIgRUsslOlIbikhztRAnzmiShnofhnWhzslhgiS.kamh@pRintiGmesIemhSInzkudhndhbhlkWOt.tapdhbhlkWOttUchDrifiShntlI.piRIhd_.
108,..hnatAt@olhnHApIWiTWht!.
109,.hsOsIEtidenz!nhtizeRkOh@izhjenRhlpaRtnrDeRkOhHOtelpaRtnrzhndHAzhWhnprsentjenRhlpaRtnrintRistinDhpaRtnrSit..
110,.AnelsrvisizWelzWhnsDErdRildkamh_lamik.drmit.biltofSoRdRiliGRigz.
111,.bhthtempsdyzlEthmistiGrdifektivpROtIninDhmhsthltiSUhvlesk?UlrdistRhf?hpEShnz_HAvloGpRUvdfRhstREtiG.piRIhd_.
112,.DAtsmoRrlesWht.DhplUdcipikanhmissikspektpiRIhd!.
113,.?etDhbhndhspOstizbendiGOvrbAkWRtrdtikhmplyWiT?UesdimAndzfrmoRAkses.piRIhd.
114,..frmenIjAphnIzkhmphnIzitWhzDhfrsttymWiDEtevrsInAnhmeRhkhninvestrsezmistreRhn.
115,.!DhRaTWelsagAintenshfydkRitisizhvOvrDhWestrnostREl?hnghvrmhntspRIlEShnSipWiTanthpRinrz_shcezmistrbandhndmistrHOmzhkoRtkamh_HUmDhghvrmhnthsisthdfynAnShlI!piRIhd.
116,.dhbhlkWOt_WIjist.gethgidsynkamhAndDAtmaRkitWhlRispandpiRIhddhbhlkWOt_.
117,.!hbwtWhnpYntfyvbil?hndalrzhvdetizhndrRIv?U@.
118,.innyntIn~EtIkamhDhflEmzRIzUmdHOmgEmzpiRIhd!.
119,.!dhbhlkWOtifWIkIpDishpkamh@WhldyWiTwRflAgpiRIhd!dhbhlkWOt_.
120,.DhnASnhlAvRijWhzfoRpYntsiksTRIprsent.hnddisembr@nyntInEtIsiks.
121,._itHAdhjRhmAtikhsektanDhgEm.piRIhd.dhbhlkWOt..
122,._DhdedlynfrdUiGsOizfebUWeRItWenIfrst.tUmhnTsbIfoRjiletsEpRhltWenIfrstAn?UhlmItiG.
123,.WytplErzdRifthdbAkkamh@intenShnzIzdpiRIhd..
124,.frminseltsmEjr!dItshndbrnI!RipoRthdlIdYndDhkRwdhWolstRItHwsizkhtiGDeRnyntInEtIsevhn@ybIemrniGzesthmht.
125,.DeRznOdwtWIvtUminiStDhsOvIhtTRetviRIshbstAnchlIinDhlAst?iR.sezmenhsOthRepRizenhtivDenWebr_.
126,.HOltelzkhn?UzdDhtekkalhjIthpRidikt.WinbiznhsWhlbIhn?UZUhlIslO@hndDhsWinmoRdiskwniGiznEdI!.
127,.?estrdEzhmwnsmhntbyRepRizenhtivHwrdmInzthHwsWhlvOtanDhsimizhmendmhntsepRhtlIfrmDIOvrolkanfRhnsRipoRt_piRIhd.
128,..DhkhmphnIolsOdOnEthdfiftITwzhndalrztUhlOkhlinvyRhnmethlgRUp_thHyrspeShlistUivAl?UEtDhkhmphnIzplAnzthklInhpkhntAmhnEtidsyts.
129,.stRoGimpoRtsHwevrmInDAtdhmestikdimAndRytnwizstRoG_WhncuRWEtikrbitREddefhshtiztiHAvhfuldlOnRiseShn.
130,.AneRkOhzspOksWumhnsedDhkhmphnIformDhvencr_tikRIEthvfynAnsiGvIikhlfrf?UcrHOtelpRajekts.
131,.dhbhlkWOt_DeRizhnmhcpRagResinsevhntIndEz.piRIhd!.
132,.DhklhbnwfIldzhnhmbrhvtImzfoRveRIhsEjlevhlz.piRIhd_.
133,.DhbhndhspOstsmhnaphlIHAzbikhmhlytniGRadfrkRitisizhmbyDI?Ueshnd@hDrtREdiGpaRtnrzhvjrmhnIzklOzddoRz.piRIhd.
134,..DhfrmseditdhzhnkamentanitstakRekhmhndEShnzoRrniGzesthmhts.
135,.itdidnydethfynDhbyrzoRdisklOztrmzhnDhsElz.
136,.nw.sIbhtiztRyGtUmEkhmendz.
137,.!dhbhlkWOtytOlDemitsDIendhvydIalhjIkamhdhbhlkWOt_sezmistrAmrhvkamh@hpaRtIvetrhnpiRIhd!.
138,..DhbAGkHOldiGkhmphnIzslEtidhnhDrfiftImil?hndalrsElfrnekst?UzdE!.
139,.nOfrmplAnHAsbendivyzd.bhtitizhndrkhnsidrEShntURiv?UDhHOldstRhkcrHIsed.
140,..HIkudpResmistrROlhndtiselHAmpaRthvloGROzpoRtfOlIO.piRIhd!.
141,.ybIemfelWhnAndsevhnEtTs.tUWhnHhndrdtWenIAndTRIEtTs.anmoRDhntUpYntfyvmil?hnSeRz.
142,.nObhdInOzHwDhswTAfRhkhnghvrmhntluRIAkt_.
143,.DhkhmphnIsedAlfhtindEvidbilzplAndDhkhnvrtDeRkamhnSeRz!driGDhTrdIHyfhndEpiRIhd.piRIhd..
144,.shmsoRsiz.sedshmhvDIlesHyfhntRhdiShnhlHOldrzhvjenrhldEbiljIks.SeRz_kudbItempthdbyDhpRaspekthvkAphthlgEnz.piRIhd.
145,.kAmbOdIizviRtnamHyfhnbAkDhghvrmhntRif?UziztiSeRpwrWiTDhkhmeRhRUzkamh_DhkhntRIzfoRmrolcaHHyfhnlefths.RUlrz.piRIhd.
146,.DhnAzdAktkhmpazhtindekshvfoRTwzhnkamhsiksHhnrdTrdIEtstaksklOzdAtTRIHhnrdsevhnIfoRpYntsiksfyvkamh.dwnzIRO.pYntWhnsiks.piRIhd.
147,.itRIshntWIksfoRigzAmphlRIdrzHiRHAvHrdhvDhbAniGhvAntIyRhScOsindWhnlendhnbrl@.
148,.ekspoRtpRyshzROzWhnprsentinDhlEthstkoRtrAndejdhptOnlIz?iROpYnt.tUprsentinDhlAst?iR.piRIhd.
149,.menI@hDrzkamh+hvEtiGtAksizkamh.dUitanDhsly.piRIhd!.
150,.!instedkamhDEfEvrhnhnwnstceksbyROviGkamh_RhDrDAn~inHyfhnHwskamhinspektrzfOkisiG_andhbhlkWOtkRitikhlkhntROlpYntsdhbhlkWOt_instIflUdpRasesiG.piRIhd!.
151,.DhpRablhmkhntin?UUzthbImhnatinIinfAShnkamh@sedkrtbaynaRd_kamh@DhphbliSrhvDhRItElmaRkhtiGRipoRt.kamh@hnindhstRInEzletr.piRIhd.
152,.hnhDrspOksmhnfrDhministRIHAzRiplydtUDhfoRhnkoRspanitshsOsIEShnhvswTIstEZh@.
153,.hndrtrmzpRIvIhslIRIpoRthddIitAl?hnAgRhkhlcrhlkhnsrnhsUmdhbwtWhnHhnrdnyntIfyvmil?hndalrzhndshboRdhnEtiddetezpaRthvDhtR!.
154,.bhtshchgenstDhdAnsaRmyldchmrhzkhmpeRdtUhkhmiGrTkWEtfrDhtUpRhfeShnzkamh_shmhkwnthnzAndkhnshlthnspRidikt.piRIhd.
155,.aphziShnfrmkhmpetitrzolsOkhntRib?Uthd.tiDIiniShlRIjekShnhvDhmrjr_kamh_AndDAtHAzAGrdsAnhfEigzek?htivz.piRIhd!.
156,._RhgaRdlhshvDIolkhmhvenImItiGWiTjhled!kanhstansImzolmOstsrthntinamhnEtitsOnslEthvdrektrzshmtymneksWIk!.
157,._bhtthDhshpRyzhvolmOstevRIWhn.DhstakpRytsizbigAnhsthdIklyndDhtpuStDIAvRijhbhvWenzdEzklOz.
158,.bhtitstifikhlt.tisIWRDhkhmphnIgOzfrmiRRz.
159,.AndSoRtlIAftrDIAkWhziShnkamh@YlpRyshstaRtidzslyd_piRIhd!.
160,.insted_DEfEvranhnwsceksbyROviGRADrDAtinHwsinspektrz_fOkisigankRitikhlkhntROlpYnts_insIfUdpRashtRhd!.
161,..mistrbeRIHAvbinpRezhdenthvHaRtmsisthmzh?UnithvfigIintrnAShnhlinkoRprEt!.
162,.SAmRantspRItAkspRafitfrmDhsElWhzWhnHhnrdtWenIfyvmil?hndalrzhspOksWumhnsed.
163,.neROlIdifym!DeRrhdhzhnrsOAsetAlhkEShnfhndz.
164,..innyntInEtIfyv_penzYlWhnniRlIilevhnbil?hndalrzindAmijizAt.tRyl_DhbighstjhjmhntevrhWoRdidhplEnpiRh!.
165,.AftrDhTrdIHyfhndEpiRIhdkamh.DhSeRzWudbIkhnvrthbhlAthlOr@RESIO.piRIhd.
166,..HIiknalijizdiskhsiGDhphtenShlhvspIdiGhplosizbhdinyzmEkiGenITRet!.
167,..bilevhlithlfrDr!DeRaRWEzrwndHyriGfRIziz.
168,.DhIikspAndidRIkolWhzdisklOzdAthmItiGWiTAnaRsIhfiShz_AndAnEjhnsIofhswtsydShkaRgO@.
169,..Dhn?UceRmhn.nOzDhtHizphlitikhlkhnekShnzmEkshmmaRkitpaRtishphntshvspiShs_DhtIbhltRydhstim?hlEtDIikanhmIthHelpjIOpIkAnhditsnekst?iR_piRIhd.
170,.AftrDhklOzhvtREdiGDhfoRkAstsWrinkRIst!.
171,.?estrdEzlUzrzinklUdidothmObIlzpiRIhd..
172,.bhtnwDhmedhkhlpAkhpOzizbOsmeZrzpiRIhd..
173,..HIHAvbinsIn?rvyspRezhdenthvWaSiGthnaprEShnzfoRDhdifenskantRAkth!.
174,.DhbundhspOssmhnabhlIHhzbikhmhlytnEmRadfrkRitisizhm.byDI?UesAndhDrtREdiGpaRtnrzhvjrmhnIz.klOzddoRz.piRIhd.
175,..DeRjistWEtiGfrDIRh@.
176,.ybIemfelWhnAndsevhnEtTstUWhnHhndrdtWenIhndTRIEtTsanmoRDhntUpYntfyvmil?hnSeR.
177,.DismaRkitizWEtiGfrOnlIWhnTiGshofrdRof+hsIn?rvyspRezhdentAttamshnmikinhnsik?uRhtIzinkoRprEtid_.
178,.hstRonhmrzsEDAtDIrTsfEtizsIld.
179,.DhmhnItUput.DispRaphziShnanDhbAlhtkEmpaRtlIfrmDhgRAndHyfhncAmpIhngivr.kamh@zIkAlhfoRn?hmedhkhlhsOSIEShnpAk.piRIhd_.
180,.sIbh-hgRIdtURevhnIDIOvrsyt..
181,.mikdrnhtAndendAl@RAndifRhntsseghmhntshmDIYlsrvhshzbUzn.
182,..DhREtiGkhnsrnolsOplEsDhsiGghlEtUsIn?rdet!REtiGhvsIes~eksistekshs.gAstRAnzmiSin?UnitanRIv?U_WiT.diRekShn@hnsrthn.
183,.DIikspAndidRIkolWhzdisklOzdAthmItiGWiT.AnaRsIhfiShlzAtAnEjhnsI@ofhswtsyShkagO@.
184,.bhtDhpROtestsRAphdlIbROkhpWinDhmIdIhHedidHO.
185,.bRitiShplyhnsmEkrzHAvloskRwndtikanthnenthl?uRhpIhnzHUhvDistAbliStERep?htEShnfoRdizynAndkWalhtIstAndrdz.piRIhd.
186,.DIdhbhlkWOtHedkwntkamh@dhbhlkWOt.hbOgismeZriGdivyshvevrDeRWhzWhnkamh@RimEnDhsEmsemIkOlhn.DeRtWhznOinkRIsinsAlrIprshnel.piRIhd_.
187,..kRischnSWoRzHyfhnSOiG.kamh@DhpOsthlministr_kamh_bRishlzAtshgjeschnz.DhtshckRitisizhm.ledtiDhdisiZhntidismwnthlDhmhnaphlI.piRIhd_.
188,.HIpRyvhtlIinsistsIhpOzhzRipIlkamh_bhtshmTiGkHIhz?UziGizaphziShnezhbaRginiGcip_piRIhd.
189,..DhkhmphnIofsOdOnEhdfiftITwzhndalrztUhlOkhlinvyRhnmenhlgRUpthHyrspeShliststUivAl?UEDhkhmphnIzplAnztiklInhpkhntAmhnEtidsyts.
190,.AndAmbiShsinnyntInHyfhnnEShnefrttUHelt.tWenI?rzhvWoRhntembOdIh_endidWiTwtAnhgRImhnt.piRIhd.
191,..pRapthtbyn?UzRipoRtshvhlejmishpROpRIEShnhvfhndz_HIesIsIviztidDhfrmznU?oRkHedkoRtrzlAstWIkWiDDIintenchnhvigzAminiGbiznhsRRI.
192,..itizcaRjWiTgitiGDhbesdIlfrSeRHOldrzkamh_AdWudhntget.taptalrWiDwthnhDrbidr_.
193,.DAtizWelhbhvDhnASnhlAvRijfrHasthbhlzhvshcpROgRAmzkamh_bhtHaRdlIhmaRkititWantdisIfRydmentid.piRIhd.
194,..HIaRg?UzDAtfRydEzhnimplYmhntfig?rz.hndrmyndDhTIsizhvESaRplIslOiGIkanhmI_.
195,.DhsenshvinpendiGdUmHAzstymIntImmaRk.beS!.
196,.DhfedrhlikspRessrviskamh@WichlwbiznisizinnidhvijhWhlztisinfAkshzfrmDhkhmphnIzstoRz.kamhkEmtUrlIhmhsttUikspensiv!kamh@AnhlhssE.piRIhd_.
197,.ansOldstakshvtRhks~rhbwthTrdHyrDhnoRmhlkamh_sedizspOksmhnfrDhkhmphnI.piRIhd..
198,.ithtempstUbRiGoRdrtiDhmiRIhdfyvrteknIkskrhntlItiskRybyhWeltrhvkhnfliktiGtrmhnalhjI.
199,.aRjEaRhspeShlthmitIizHApItisIhtoltrhtivimrjithDhpashbhljYntbidbitWInkEkEaR+AnDhmAnijmhntHyfhnWedgRUp.piRIhd.
200,..AzDhpap?hlhstsdidHIhpIlthlesejhkEtidlOrmilhklAspIphlHUfyndIkhnamikhndsOShlcEnjfRytnEm!.
201,..yset.dwnhnfig?rdwtWhtDEmItid.hndsOldhmanht.
202,.instedmistrsymhnprsWEdidHimthjYntHhzgRUbestDhcIfigzek?htiv@ofisrhvDhveRIhsHOldiGkhmphnIzthbIset@hpthOnIcTReft.
203,.inDIEbIemtRItIkamh@DI?UesnhgOSIEtrz_Wanith+wtlanmishldifens.AtlafthbOTTsydzinthDhpascr_hvm?UchlhSoRt.DhstRhkShn.piRIhd_.
204,.DhloncHAbinplAnfrrlIrDisHiRbhtWhzskRhbtbyDhspEsEjhnsIhbwtfyvtymzbikhzhvdizyndhnd@hDrdilEz.piRIhd.
205,.telOn.eksklhmEShnpYnht.dhbhlkWOt!.
206,.SoRttrmREtsHIsezaRlyklItURimEnstedIoRmUshmWhtHyr_.
207,..hn?UzRIlIsiSUd?estrdE_sedDhtDhlynhvkReditWudbIgeRhntIdbyphRUvIAndsOlvr.piRIhd_.
208,.rlIlAstRIkkamh@mistrcandUdofrkhnseShnz.piRIhd..
209,.kRischnSWoRzHyfhnSOiG!kamh@DhpOsthlminhstrkamh_bResilzAtshjeschnzDhtshckRitisizhm_ledtUDhdisiZhntUdismwntshvDhmhnaphlEt.piRIhd!.
210,..peRIdiskhvrdjhpAnforhmeRhkhnzAkShlIiWhzpyleRhnHIkWips.
211,.sYbInf?UcrzledDhdiklynzkamh@WiTpRysizfrnOvembrdilivrIfaliGtWentIEtpYntfyvsenshbuShl.tiEtdalrzhndTrdIWhnsenshbuShl@.
212,.dhbhlkWOt_DeRizhnmhcpRagReshndsevhntIndEz!piRIhd.
213,.nakhsOnIshlektidnObhlRUhtokhSIthttUshksIdenAzjhpAnzpRImehl@.
214,.olDOmOshvDOzHAvbinWIkprfoRmrzDis?iR@DAtHAzhntstathDrzfrmtRytikASenandhtrmzn?UkASR!.
215,..ifDhsrjinSUhlpRysizizinklUdidkamh_impoRtpRysizROsikspYntfyvprsentinDhfrstkWoRtrz.
216,.natevRIWhnbyzDhdeThvDhdalrTI.
217,.bh!dhbhlkWOtyzstillyikfAnImE!piRIhd!.
218,.!DIAktWhzezhnAcRhlfrHivezItiGpoRtkamhHItOldhfRend_piRIhd.
219,.!mistrmaRthn@RIshnlIdipaRtidfrmDhfedtOldmistrsymhndriGrydtUWaStinnAShnhleRpoRt_DhtHImytstaRthpRyvhtmoRgijinSuRhnskhnsrn!.
220,.bhtbOTkhmphnISudbenhfitfrmhnhptrninDhYlAndnAcRhlgAsdiznhs.piRIhd_.
221,..DhRIkol@ikspAnzanhWiTdRolhvhDrmadhlzbighnrlIrDisWIk!piRIhd!.
222,.!inRIshntWIkskamh@frigzAmphl.kamh_RIdrzHiRHAvHrdhvDhbAniG@hv_dhbhlkWOt.AnddyHyfhn.yRIsjOksdhbhlkWOt!hndWhnlhndhnbrl.piRIhd_.
223,.dhbhlkWOt.ytOldDhmisDIendhvidIalhjI.kamhdhbhlkWOt.sezmistrAmrhv.kamh@hpaRtIvetrhn.piRIhd..
224,.AftrDhmaRcitklOzdkamh@DhmenhsOthlejhslEcrhvpAstidAntyHyfhntEkOvrbilk_EndAtTWoRtiGdaRtgRUps.intrhstinhkWyriGDhminIAplisHyfhnbEstRItElr.piRIhd.
225,.sYbIiGf?UcrzpRyshzWrmikst.WudbIiGshnYlfiniShnkyr_.
226,..rlIlAsWIk!kamh@mistrcyndEd@ofRhkhnseShnz.piRIhd.
227,.!sOinwRhlIaprtEtrWhzpRhmOthddifoRmhn_bhtmEntEndanDIwRlIpEROl_.
228,.bidztOthliGsiksHhnrdfiftIWhnmil?hndalrzWrshbmithd!.
229,.HIRhstRipthdizpaRtItythlzinstakdwtkamh_RibiGhpHizlhkRUdmembrSipkaRdbifoRDhWEtiGtelhviZhnkAbRhs.piRIhd..
230,.DhkhmphnIolsOdOnEtidfiftITwzhndalrztUElOkhlinvyRhnmenthlgRUpthHyrspeShlistUivAl?UAtDhkhmphnIzplAnztiklIn@hpkhntAmhnEtidsyts.
231,.HIolsOsez.DIhToRhtIzmEnWiDEsE_DhtDEWhlnatstAndhsydAndlytkrhnsIzRIcn?UlOz.pOstilekShn!.
232,..bhthtempsthyslEtanDisiGghrdifektivpROtInhnDhmhshltiSUhvmhstkOrdistRifIpEShnz_HAvlonpiRh!.
233,.hkoRdiGth@HyflAS+lORIsrc_kamh@TrdIfyvmil?hnpIphlprchsthfiSiGlyshnsinnyntInEtIfoR.piRIhd_.
234,.bht.kamh@HIaRg?Uzkamh.dhbhlkWOt_DhdIprDhkWaprEShnbitWInhskamh.DhmoRkhntROlhbhlDhsOvIetsaR@piRIhd!dhbhlkWOt!.
235,.DhkhnshlthnttsnOthsthnhmiShninDhplAnzDAtnIDrDhkhmphnInoRfedrhlReg?hlEtr!.
236,.inmOskEsizDAtstilWudbIleshnDEWudpEfoRREnjinkhvRijanDeR!.
237,..WrTTrdImil?hntelhfOnzkamh@WestjrmhnIRAGksbiHynOnlIvDI?Ues+AndjAphnIzfOnmaRkits.piRIhd.
238,..?etdOnEtidtWenIfyvTwzhndalrztigititofDhgRwndpiRIhd.
239,.dhbhlkWOt_DeishSuRzrfoRsREskamh.dhbhlkWOt+sedWhnprshnfhmil?hWrDhkhmitIzTiGkiG.piRIhd..
240,.DhveRI~ydIhkamh@DEaRg?Udkamh_mytbItEkhnbyimplYIzezhslApinDhfEs.piRIhd_.
241,.DEkhnolsOinvalvinrnASnhlkWaprEShn_DhgOlofhn.iztigitfoRhnstEtsWiTnUklIaRshnhlzthpledznatti?UzninkliRWephnzhgenst!dizOn.
242,.?UeshtrnIgUlIanIkamh@tRyGthwsttImstrlIdrzkamh_WhlRIv?UHwDhboRdpikt!Dhn?UpRezhdent!piRIhd!.
243,.natDhtfAksmhSInzarn?U.piRIhd.
244,..natevRIWhnbyzDhdeThvDhdalrsIsiz.
245,.DhRIoRghnAzEShnWuDhlwItcigzistiGkafhnSeRtUbIkhnvrtdid_driGhTrdIHyfhndEpiRIhd_intU.tUpYntsevhnfyvklAs~ESeRz.piRIhd.
246,.DIAvRijdividen?IldhvitsRekhmedidstaksizTRIpYntsevhnprsent_DhsekhnHyhstinDhgRUpAftrsmifbaRdIzfoRpYntWhnprsent..
247,.olDOjhpAnzpalhsIzWOntcEnjRAdiklIIhndrtokhSIth@sikstITRI_HizlAkhvfoRhnpahsIikspiRIhns.kudWrshnjhpAnzinrnAShnhlRIlEShnz.
248,.!bhtkamhHIaRg?UzkamhdhbhlkWOt_DhdIprDhkhWaprEShnbitWInhskamh_DhmoRkhntROlhbhlDhsOvIetsaRpiRIhddhbhlkWOt_.
249,.DhSaRpRyzbRodDIinkRIshnimpuRpRyshzfrDhpAst?iRtisevhnpYntTRIprsent.piRIhd.
250,.pIphltORIlyzDIinoRmisdembrzinvalvdinhnASnhldimAndfrfiSbEt!piRIhd!.
251,.dhbhlkWOt.wRhtrnIzHAvigzAmhnDhfAktsrwnDEmismAtr!hndnhTiGDAtizfekcrWhlIkrektinDhstoRtIiznUtsWRkwshl@.
252,.strliGsoftWeR.WrcsedithgRIdtiselitskhmrShlpRhfeShnhlsrvsizgRUp.fElWontEzthsevhnAndWhnEs.
253,.bIgitiGmis?iRkamhsElztAkshzkAntbIdidhktid.piRIhd!.
254,.dhbhlkWOt_WrnatkoliGfrmAndhtoRItestiGAnenISEpoRfoRRm.piRIhd_dhbhlkWOt_.
255,.DhpRablOmizhpAnAmz?Un?hnzHAvlostkanfhdhnsinmistrAkr_hndkhntin?UtUinsis.DhtDEWOntmEkkhnseShnzinles?UzRIplEst.
256,.kRIEtiGDhnUklIrfRIgzOnizpaRtlIhlOkhldisiZhn_sitishnzrghvrmhnt.inhsrthnjIhgRAfikeRIh@disydthbAndnUklIrWephnzfrmDAteRIh@.
257,..sinsIccInizDhblUpRenforhpROtIn_DhdifektiznOntUinvalvhvpROtInDhthfeksmh!.
258,.bEstanolDhtWInOkamh.And~edvyshvaRkAshl!kamh_WInOznORIzhnthblIvDhtbabfRImhn!hndgEjdinenIilIgAlhtI_piRIhd.dhbhlkWOt..
259,.gREnsensYbIGz!mOstkoRnhndkWIkf?UcrzpRysizWrstRoGgr_.
260,.HOtelzkhn?UzDhtteknalhjItUpRidiktWinbiznhsWhlbIhn?UZUhlIslO.dASAndDhsWinmoRdiskwniGezn?UdpiRIhd.
261,.inDhloGgrhnDhWIkdalrmEmInmoRinflEShnAndtytmhnIAnivenShlIhRiseShn_.
262,.DIzdhnveRIWelfrstakHOldrz.
263,.mistrRaghlOzseDhtDhtinoRdrthmaRkitlIzhndhDrdRhgz_mrkplAnztUinkRIsitssElzfoRstbyfyvHhndrdDis?iR!.
264,.An~EesEskejuldDhlonchvDhspEShthldiskhvrIfrseptembrtWenInynT.piRIhd!.
265,.Dhshlwdit.tUplEsmoRhvitskaRdREinDhpAnhmEnIhnb?uRakht@.
266,..naDedfAktsmhSInzr?UpiRIhd!.
267,..TRift.hnetWoRs.
268,.!dhbhlkWOt.ifDhsOvIetstisydticEnjDhnEcrhvDhmiShnkamh_DEnwHAvDhRytkaHiR_kamh.dhbhlkWOt.sezDIizRElIhfiShl.piRIhd!.
269,.inWestjrmhnIkamh.?UbIeshkWyrd!dYclendrbAGk!innyntInEtIfyvpiRIhd_.
270,.enElOkhlplAntDhmAn?hfAkcriGmAnhjrnIdidhnhDrfoRmhn.ysAlrIdphziShn_bhtDeRWhzhfRIzWanHyRiGsAlrIdprshnel@.
271,.Wyby_kWeschnmyRkhsiGghlkWOt.dhbhlkWOtHIsed_piRIhd!.
272,._tlAstnOstHAzolsObingudthloRhnslIdhnspiIhd.
273,.itWhzlAstREzdinjUnnyntInEtIfyf.tUfoRtIfyvdalrzfRhmTrdIfyvdalrz.
274,.shminvestrzrfrpeRiGfrESoRttrmkrekShnDismhnTolDOmOsbilIvDAtitWOntpIsignifikhnt!.
275,..linnrAntAptbROpdwnWinDEkudhnhgRIanHwmhcmAnijmhntkhntROlIcWudHAvOvrDhkhmphnI.kamh_DhsoRshzsed.piRIhd.
276,.AtlIst.tUHhndrdEtITwzhnznwfiksTiGzanDeR@On.piRIhd!.
277,.DhRevhlzAvhk?UzdsiGglhphfoRmiGAntykam?hnhstfrjhlantIgRUps.
278,..RytnwHwevrDIikanhmIhpiRstiltUbIgROiG_.
279,._hlithlgidn?UzkudsofhvDhmaRkhtsRizisthns.
280,.HIzDIOnlIgy?UkudSOhpinDhplozhtAnddRokRwthvsevhnIfyvTwzhnpIphl.sezWhnlAthndiplhmAn!.
281,.mistrrhzIizUhz.yRAksleGktUDI?UesizhspeShlIsenshtivhbwtDIhmeRikhndisepShnOvryRAn.
282,.bhtshmmEbIvetroflukiGfrinSuRhnswtsydDIimplYrzkhntin?UdgRUprEtplAn.
283,.bAdTiGz.kamh@bhtnOWrsDhnmenI@hDrbAdTiGzhndlyf.kOlhn_kaReks.kamh@DhdeT~hvlhvWhnz.piRIhd_.
284,.DIadIOhndothmObIlindhstRIzaRntDIOnlIWhnzDhtHAvletrlIdhdvAnijizinteknalhjIoRdizyndsliphWE!.
285,.ysIbyDhpEbrzDhtpIphlarWrIdhbwtDhkhmiGbhjitsrplhs.
286,.itHAzshmhpIldbikhzhtWudREzdTrdIsevhnpYntnyn.bil?hndalrz~OvrTRI?rzz.
287,.DhkhmphnIdiklyndtikamentanDhRizhlts.
288,.foRWhnTEiGkhnsUmrzmEnat.bIkWyREtIdikWitspendiG.
289,.bhtin~EfRhlnyntInEtIsiks.kamh@nASnhlstIlkoRprEShndidjhstDAt.piRIhd.
290,.inseptembr.DhkhmphnIRIsIvdnyntIsikspYntEt!mil?hndalrzezhSeRhvdAmhjizfrmhbRIchvkantRAktthWoRd.RilEtidtUhkOlpaRtrSip!.
291,.!innyntInEtITRIkamh@mekshkOhnvenhsWElOtOdtEpeksDhf?UcrYlprchsiz_WudHAvtUbIbAkbyletrzhvkaRh!.
292,.inhlOkhlplAntkamh@DhmAn?hfAkcriGmAnijrnIdidhnhDrfoRmhn.dAShsAlrIphziShn!dASbhtDeRWhzhfRIzanHyRiGsAlrIprshnil.piRIhd..
293,.RIspansHiztendtibIn?Udid+.
294,.biznisizWrolsOWeRIhvfAktspRajeks.AftrhHylItwtidfedrhlikspResvencrthpRhvydfAktssrvisflwndrd_hndWhzjethshndinnyntInEtIsevhn.piRIhd.
295,.mistrHOmzhkoRt.sedHIplAnztURIv?UDhstRhkcrhv_belgRIRIz.
296,..y?UbIesshbsidIeRIinnU?oRk_WhzDhfrstfoRhninstitUShnthmAnintr?Uesdhmestik.koRpRht.bandiSU.piRIhd.
297,..nOfrmplAnHhzbindivyzdbhtitizhndrkhnsidrEShntURIv?UDhHOldstRhkcrHIsed.
298,..HhndrhzsedhdIsITRItRAnsboRdSatdwnmhnEbyHhndrhnfytrzhpeRhntlIWhzkeRIhGdRhgzfrmkhlhmbIt@.
299,.DisizhspeShlItRUinDhWrk.hvbRitiSnavhlists.AndIvinpRIvIhslI.indDhWrkhvWil?hmbYd+.
300,.gRUpshvkhnshlthnzfrmsevRhlmEjrfrmzrmItiGsIkRhtlIthplat.difekShnz.piRIhd!.
301,.DhfedrhlikspRessrviskamh_WichlwdbiznisishndindhvijhWhlztUsendfAkshzfrmDhkhmphnIzstoRzkamh_kEmtUrlI.hndWhztUikspensivkamh_AnhlhssE.piRIhd!.
302,.HIaRg?UzDhtfRydEzhnimplYmhntfig?rzhndrmyndDhDIzizhvhSaRplIslOIhkanhm!.
303,.byDenkamh@AlhgEnIsed+kamh@DitWhlHAvRisIvdEWEvrfrmitslendiGbAGkshvsrthnkhndiShnz_AnditslOnhgRImhnt.piRIhd.
304,..bik.dRmht.Andenel@aRndifRhntsegmhntshvDhYhlHyfhnsrvisizbiznhs.
305,.WIdlykthsIshmTEGDAtlIizTURIldimakRhsI.sezjEmIbunEh@fyssekRhteRIjenRhlhvDIindipendhntlibRhlpaRtI_.
306,.HImEdhsElzkolHIsez!.
307,._WaciGEkhmp?UtrHyfhndRivhnlEDhtrnRamethlintUhpRhsiZhnpaRtkamh_mistr+EmathnkhnsIdzDhRiskpiRIhd_.
308,.DhkoRdiGthHystlASlORIsrckamh_TrdIfyvmil?hnpIphlprchsthfiSiGlyzhnzinnyntInEtIfoR.piRIhd.
309,.DhkhmphnIdiklyndtispeshfyDhpRyspEd.piRIhd.
310,.AndAhssrvisizWelzWantsDErdRhldWelmhkdrmhnt!biltsofSoRdROliGRrdz..
311,.itmEbIDhtaRstRhkcrAndWolshplhsitIhvkoRprEShnz!izhnDhmOstifektivfrDhS?U!.
312,.Dhs.indoRdrtURizrvitsRytthloncEpRaksIfyt_kanhsthnWudnIdinamhnEtitslEtbyfRydEinfebWeRInyntInT.
313,.HAzshckamh_itizhvmOstintRisdiskalrzd.kamh@khlektrzhndpRAktiShnrzhvDhfybraRtskamh.?etitstekshslaRjlIhkseshbhltUDInanHyfhnspeShlistpiRIhd!.
314,.insted_itfwndhthfAShndizyndfrm_migelkRUzintrnAShnhl.WhzaprEtiGitDhlOkEShnRejistrdizDAthvmistrpOlOzinvesmhnts.
315,.DhWoRmiGtRendmEHAdmeltidDhsnOkhvranshmkRaps.
316,.jabbRikRUtrzaRsIkritlItRyGthlirhWEkhnshlthnts.piRIhd.
317,.HondhtWhzdwntentUWhnTwzhnkamhnynHhnrdTrdI.piRIhd!.
318,..dhbhlkWOt_WIHAvtibIkhnsrndhbwtkanfhdenSIAlhtI!kamh@dhbhlkWOt_mistrbRwnsed.piRIhd_.
319,.hnfoRchnhvlIRIsInmhTiGbhtssthns.
320,.WiTlolDhfyriGzanWolstRIt!kamh_mEbIDisizDhSatinlIaRmDhtWInId.piRIhd.
321,.Wyt.b?uRhkRAtsrinDhdRyvrzsIt.hndblAks~RytlIfiRWhtDhtAGksWephnzkhndUthDem.
322,.itolsOstEtsDhtsevhntInynprsenthvDIzpIphlzsEDEfisTrdIHyfhnplAstymzpr?iR_.
323,.HizkRhdenchlshgjesthdDhtDhsOvIetsmytHaRbrmoRintRistindipamhsI.DhnRIlhstEt..
324,.HIhzsEkiGboRdRepRisentEShn.kamh_hndmEpuSfoREjYnttEkOvrhvhnhDr?UkEkhmphnI.piRIhd.
325,.biznisizWrolsOWeRIhvfAktspRajeeksAftrhHylItAtidfedrhlikspResfecrthpRhvydfAktsrvhsflwndrdAndWhzjethshndinnyntInEtIsevhnpiRIhd.
326,.DeRaRshmgyzHiRDAtaRsEiGDisizDhfynhljhmpbifoRDhkRAS_.
327,.DEfelkamh@ofhnlitrhlIkamh@DhkRAkshvDhsisthm!piRIhd.
328,.bRitiSkhmp?UtrbRAndzlyksinkliRhndEkoRnHAvblUmdbhtkWiklRh@.
329,.WIRI?etrRETaRintrhstinHAviGDhtRUsimHrj.piRIhd!.
330,..Anaghst.kamh@EphsifiktelhsisgRUp?Unit!mEdhsemhlrgeRhntItiDhkhm?UnhkEShnzWrkrzhvhmeRhkh@kamh_pRhvydiGtREniGfrnUphziShnzhvneshseRI.piRIhd.
331,.AtfoRtI?rzOldmistrWyiGezRelhtivlI?hGfoRizjab_AndAdhpsetskalIzHUr?UzdtUAgRAjUhlit.prmOShnsisthmbEstansIn?lt!.
332,.DhkhmphnIsedDhgRUpsthmestikhninrnAShnhlaprEShnzWhlbIsOldsepRhtlI!.
333,.IvinDhstEtHyrzpRyvhtRipeRmhnt.piRIhd_.
334,..mistrHOmzhkoRtsedHIplAnztURIv?UDhstRhkcrhvbAlhgRI!.
335,.bhtHAviGtoktUhvryEtIhvRiphblikhnzhbwtDisinRIshntWIks_ymkhnvinstDhtmoRaRWrIdhbwtDispeRhdakshvdeton.DhnphblikWt!.
336,.WiTshpaRtIdivydidkamh@DhlibrteRIhndpRezhdenchlvOtplhnjtitUHhndrdtWenIEtTwzhninnyntInEtIfoRkamh@hbwtWhnHyfhnfoRsitsnyntInEtItOthl.piRIhd.
337,.DhtUkhmphnIzhgRIdthsethlhkEsfrTRIbil?hndalrzinlytdisembr_.
338,.senhtfytAnstceRmhnbenshmAndspIkrRytkamh@bOTtekshnzkamh_puSRipIlpiRIhd!.
339,.dEgnIHhtsUnfelWan@tUfistI!inAktivtREdiG.piRIhd!.
340,.bhstRAthmrzkAnttelWeDrDI?UnhvrsWhliikspAndzrevr_pwrbyDhbigbAGhvOld.oRWeDrWhlshmdEkhlApsintUhthpakiliptikbigkRhnc!.
341,.sOhnwRlIaprEtrWhzpRhmOtrdifoRmhnbhtmEntEndanDIwRlIpEROlpiRIhd_.
342,..nUfedrhl@RUlzRIkWyrdTRefs.tUgRAjWhlI~REzdDAtlevRhldipendiGanhpRafhthbilhtI!hvDIindhstRI_.
343,.tREdrzhndsesDAtAnikspektidinjekShnhvlikWeditIfRhminvesmhnttRhsthn@hDrinstitUShnzWhlHelp.bUstSeRpRysizlEtrinDhWIk!.
344,.WhnatRUliGwtDhtDI?UeskrhnsIkuddiklynOvrtym_mistrlipskIhvsalhvhnsezHITiGksDhjiRIhstilwt.
345,.pRyvhtsilvrikspoRtrzolsOHAvbhnofrdinsentivzthselDeRsOvrtUDhbAGk.piRIhd.
346,.WyliknalhjIGDAtphtenchlkamhshbWestjrmhntUlmEkrzcEfhndrWestrnRIstRikShnzpiRIhd!.
347,._DhlacHAdbinplAnfrrlIrDis?iRbhtWhzskRhbdbyDhspEsEjhnsIhbwtfyvtymzbikhzhvdizydAnd@hDrdilEz.
348,.tREvanlAstmhnThgRIdinpRinshphlthselitsinlhndWotrtRAnsprtEShnstEvhdoRiGhndpypkAbRikEShnbiznhshzfrhnhndisklOzzd.
349,.HyrintRistREtshvkoRskudbIofset.byHyrinflEShn.
350,..ekhnamikAghnI!kamh@moRDAnRifoRm_kamh@HAzpRadhtpOlhndtiletDhRipeRmAnlUs.piRIhd.
351,.DhRUliGmytinkrhjfrDrindhstRIkhnsalhdEShnkamh@hstElIHOldrsezpiRIhd!.
352,.miHyndDhsImzfoRbitrkamhbizhntInbAthlzmoRvaRkhtivhvEjabhlhkrEnabhlvenhlshcstEdpRhfeShnz.piRIhd.
353,.WaciGEkhmp?UtrHyfhn@dRivinDhlEz.trn@RamethlintohpRIsiZhnpaRtkamh_mistr!Ebhn.khnsIdzDhRisk.piRIhd.
354,.hspekspenfrDhnUklIrh@Reg?hlhtoRIkhmiShnsedTRIwndisydidtURIkolhdiSnhlmadhlzhvitseRyhnyzrzAftrREdIEShnlIksWrdiskhvrdAtfoRfhsilitIz.?UziGDOzmadhlz.
355,.DhkantRAktspRhvydidDhtDIenrjIdipaRtmhntWudkhvrkasts!kamh@plhsinAn?UUhlfIkhmpOzdhvhgeRhntIdbEstpEmhnt.AndhprfoRmrz.bOnhs.piRIhd.
356,.DhWrkiGpEprzapShnzfrtAksiGhmplYRtIbenhfitsinklUdidlimhtinDIiksplUZhnhvimplYrpRhvydidHelTinSuRhns_hndkAfhtiRIhplAnbenhfits.
357,..HIWhzstRipthvHizpaRtItythlzhndstaktwtkamh@Ripin_hpizlikUdmembrSipkaRdbifoRDhWEtiGtelhviZhnkAmRhz.
358,.DIhcIvDhnhvprdhkShngOlznEd@hpfoRtIprsent.thfiftIprsenthvDhbanhs.semhkOlhn_sEfDIIlesDhntenprsent.piRIhd.
359,..sepRhtlImUdIzinvestrzsrvisinkoRprEtid_seditplEstsIes~Aks.AnditstRAnsprtEShnzshbsidIeRIzanREb?UfrpashbhldwngREd_bikhzhvsIeseksizRIstRhkcriGplAn!.
360,..mOsshbsevrznwsEmistrnOvAlIpEdtUmhcfrDhkhmphnIkamh_WicHAdnOYlRizrvzhvitsOnpiRIhd!.
361,.AndshmcEnz.shcezHalhdEkoRprEShn.SeRzhnkoRprEShnAndHyhHOtelzkoRprEShn_insest_DEWhlmEk.plenIhvRUmzhvElhbhlAvbaRgin@REts.
362,..DhkhnshlthntsnOtisthnhmiShninDhplAnsDAtnIDrDhkhmphnInoRfedrhlReg?hlEtrzHAdspatid_.
363,.bhtAkrzkRedhbilitIHAzIROdidtUDhpYnt_DAtifdE!pAmAndiRektrz.dakEtRithvAkr_DEWOnt!getDOzkhnseShnz.
364,..sOmistrWAGtelzpIphlv?UzdfiftI!.
365,.byseptembrTrdIhTkamhHIHAdREzWhnpYntTRImil?hndalrz!dAS.sprniGfedRhlmeciGfhndz.dAS_AndikspekstUREztUmil?hndalrzbytUzdE.piRIhd..
366,.DEvbinAnDI?UessinsDIrlInyntInsevhnIzpiRIhd!.
367,..AGgrdlikUdhfiShlzkhnvInthDeRHykoRttijhjmistrAmrhvlestshmrpiRIhd.
368,.mikdrmhtAndenelaRhdifRhntsEtmhntshvDIYlHyfhnsrvisiz.biznhs.piRIhd..
369,.frmenseltsmagr!dItsAndbrnIRipoRthdlIjYndDhkRwthpWolstRItHwsizkhtiGDeRnyntInEtIsevhnybIemrniGzesthmht.
370,.sOdHIpRezhdenchlkAndhditsREnjiGfrmkAmttidikakiskamh_HUsIkshphlitiklOphniGthDhstwT.
371,..nOfrmplAnHhzbindivydz_bhtitiz~hndrkhnsidrEShntURIIDhHOlstRhkcr!.
372,.?UesekspoRtsROzinDhmhnTbhtnatniRlIezmhcezimpoRts.
373,..DhmaRkitstenddhmAgnhfyDhnUz.
374,..sinsIcjInizDhblUpRhntfrhpROtInkamhDhdIfektiznOntUinvalvhpROtInDAthfektsmeshlzpiRIhd!.
375,.kaRstaksWrklOzrtUnoRmhlAzhvjAn?UeRITrdIfrstkamh_WiDWRdzothmOthvRipoRts.kamh_hndindhstRIzthtistkhphblikEShn_kamh.RipoRtiGhsevhntIEtHyfhndE_shply.piRIhd..
376,.HwevrDIhDrhfiShlzkeRhktryzHizmesijAzlethstRyshnfOnIbilOnIhkwniGoRWIkhnkazkEos..
377,.DhgOldkaRdfIWhzlAstinkRIstinseptembrnyntInEtIfoR_tUsikstIfyvdalrzfrmfiftIdalrz!.
378,.ezsynzhvhstRoGrIkanhmIhmrjHIAdzloGtribREtsrlyklItidRiftHyr_.
379,.DhnekstspRiGkamh@caRtrkhmphnIkamh@hnhDrbigindipendhntkamh_endrcAptrilevhnpiRIhd!.
380,..Hwevr++hshgjesthdlEtrinDIaRthkhl@DIimplYrmERispandWiTEWakwt.Andiskhntin?UhnshvpE!.
381,.DhlibRhlzlostDhphlitikhldibEtonWeDrthfhndDhkantRhz.piRIhd!.
382,.DhbigSeRizgOiGtidRapWinRIsIDhtREdnhmbr_.
383,.stoRIzhvDhleftWiGAntikshvbRithnzlOkhlghvrmhntsHAvhpiRdinDhbRitiSpResfrsevRhl?rz..
384,.pap?hlhstmIdiGzHAdhRivyvHhlistflEvrWiTbAtrzrjiGpIphltUvOtAzDEpREd_.
385,.bigrhlOnzAtdlOrtAksizaRdRoiGfiftInTwzhnWrkrzE?iRinthlIghlyzdpRyvhtsrvisiz.piRIhd!.
386,.bytbOTkhmphnISudbenhfitfrmhnhptrninDIYlhndnAcRhlgAsbiznhs.piRIhd.
387,.hndAftrtUvizitsfRrgimhgREShnhfiShlzkamh_fyndzhvtUHhndrdfiftIdalrzthtUTwzhndalrzprilIghlimhkRhntWhlbIlevId.piRIhd.
388,.tUdEHIsez.DIAdhtUtiz!yvghtmyjab.hnd?Uvgat?uRpRIz.
389,.itmEbIDhtwRstRhkcrAndmhlthplhsitIhvkoRprEShnzizhnDhmOstifektivfoRDhf?Ucr_.
390,.DhpiGkSIt.hdRhgindhstRItREdletr_RipoRthdDisWIkDAtmrkAttWenIEtTwzhnAplhkEShnzfrDIOtn.
391,..AzsynzhvhstRoGgrikanhmIimrjkamh@HIAdzkamh_loGHyfhntrmREtsaRlyklItUdRiftHyr_piRIhd..
392,.mistrbenitskolfrmAndhtoRItestiGHAzhntbinendoRstbyDhWytHws.piRIhd..
393,.mistrRabrtshndkhnbestDIhndrstednatezhn?Ufig?rinDhkhnsrvhtivmUvmhnt_bhtAzDIeRhvDhpap?hlhsshndfaDrkaflhn!.
394,..EpekshssIkRhsIAndhgResivDiskEmbAkthHantidAftrhtprchstklaRkpiRIhd!.
395,.IIldmAnijmhnt!izhnolbAdfrkhnsUmr.
396,._frshcgRUpREtkhvRij!implYrzkhncaRjdDhfoRmrWrkrzAndDeRfAmlIzDEAvRijkasthvpRhvydiGDhHelTbenhfits_pusEtUprsentAdminhstREtivfI!.
397,..DIhDrizDAtWISudHAvDhsrplhsbhtlh!.
398,._DEfil@kamh@ofthnlitrhlI!kamh@DhkRAksinDhsisthm.piRIhd!.
399,.?UziShnzaRb?UziShnz.
400,..HizkRhdeShlzshbjesthdDhtDhsOvIetsmytHaRbrmoRintRistindiplhmhsIDhndRIlistEt.
401,.!bhtifitfElzkamhDhsEnitkamh@WichpRUvdDIhmenmhntbyEtUtUWhnmaRjhnrlIrDis?iRkamh_WhldRapDhspIdHyfhnlimhtpRhviZhnpiRIhd!.
402,.DhgEtshndkoRhdoRzWrdizyndfrstsmolreRkRAft_.
403,.HwshfREzrhgRIdWenzdEthbymistrHOmzhkoRtsWhnHhndrdtWenIsevhnpYntnynTRIbil?hnsiRzSeRzkamh@DhkoRdiGtisiRz.piRIhd_.
404,.DEvlrndhvhbukdistRib?hthdithnhDrbrlkoldjesIzdRImstrthbwtlithlbYHUcAlhnjhseksizhmbydResiGezhgROl_.
405,.bhtskoRzhvsmolrstaksROzhndsevRhlhvDhbigrnASnhlmaRkitsisthmiSUz.mAnijdgEnzizWel@bikhzhvEkyndWrdfrmhnAnhlhst.
406,.bhtitWhzhnthmIdIhtlIkliRifDhbilWudentEkOvrspek?hlEShnhbwtbEthnphshn..
407,.bhtHIsedinAninrv?UlAsWIkDedIkudREzfyvHhnrdmil?hndalrz.pRitIfAstthprsUnAkWhziShn!.
408,..DEdrlOnzAndlOrtAksizaRdRoiGfiftInTwzhnWrkrzh?iRintUlIghlyzpRyvhtsrvisiz.piRIhd.
409,.pAnAmizkliRlIbAGkiGoRngitiGDOzkhnsiShnzDis?iR@hndigzek?htivAthnhDreRlynzsOz.
410,.DhbiginiGhvenIshlUShnizfRanhldREghntUlukhnDhmer.AndhdmitDhtDisWizhmhstEt.piRIhd.
411,.bRitiShplyhnsmEkrzHAvlostgRwndtikakthnenhl?uRhpIhnzHUAvistAbliSthRep?htEShnfoRdizynAndkWalhtIstAndrdz..
412,.jenrAlIhfiShlzWrthbItlIhvElhbhlfrkamentpiRIhd.
413,.ifDIsevhntInynprsentWrdE?UzOnlIWhndhzhnWrmzanevRItRhp_kamh@DEWud?UzolmOsttenbil?hnWrmzevRI?iR_piRIhd_.
414,..HIhnhDr?UesindhstRIlEtrzinsistkamh@DOkamh_DAtimpoRtsSudbIshbjekttiDhsEmdigRIhvskRUtnIpiRIhd.
415,.HyrintRistREtskamh@hvkoRskamh_kudbIofsetbyHyrinflEShnpiRIhd!.
416,..HIolsOsez_DIhToRhtIzWInWhtDEsE!DhtDEWhlnatstAndhsydhletkrhnsIzRIctn?UlOzpOstilekShn!.
417,.mistrsimhtskudhnhmIdilIbIRIctfrkament!.
418,..AtlIsttUHhnrdEtITwzhnd!nwfiksTiGzanDeROn.piRIhd_.
419,.EspOksmhnfrDhnUklIrReg?hlhtoRIkhmiShnsedTRIem+disydidtURikolhdiSnhlmadhlzhvitseRyenyzrz_AftrREdIEShnlIksWrdiskhvrdAtfoRfhsilitIz?UziGDOzmadhlz.piRIhd!.
420,.endDEes~EskejuldzhvDhlonchvDhspEShthldiskhvrIfrseptembrtWenInynT_.
421,.DIadIOhnd@othmOblindhstRIzaRntTIOlIWhnshtHAvletrlIhdvAnijizhndteknalhjIoRdizyndsliphWE.piRIhd_.
422,.michlHeld+hndikanhmistitsmiTbaRnIHeRishphmAndkhmphnI!TiGksmistrgRInspAnWantstUistAbliSizkRhdenchlzezhninflEShnfytr_.
423,..AndDhpRessekRhteRItUDhministrhvkhm?UnhkEShnzhndinfrmEShnHAzRispandidtidnUmrhskRitisizhmz.
424,.DhIoRghnhzEShnWrdhlwIcigzistiGkamhnSeRthbIkhnvrthdduriGhTrdIHyfhndEtpiRIhd.inthtUpYntsevhnfyvklAsISeRz.piRIhd..
425,.!?etDhbhndhspOst.izbendiGOvrbAkWRdtikhmplyWiT?UesdimAndzfrmoRAkses.piRIhd_.
426,.AsetsmynhslyhbilitIz.ikspResteshprsenijhvtOthllyhbilhtIz.
427,.DeRAvRij~esthmhtSOzDIikanhmIikspAndiG.AtETRIpYntWhn+prsentAn?UhlREtilijRhly_Hyfhn.tU_Hyfhn.septembrpiRIhd_kamh@AftrhjhstiGfoRinflEShn.piRIhd.
428,.mistrkalinzlrnDhthnOiGzkoRniGdiviZhnWhzRidUsiGitsstAf_hndWudnIdwtsydHelp.thpRhdUsin?Uzdletr_.
429,.!DismEnzDAtfrmistr.dhp.bhtEdetItUinkRIsHizstEkbyfiftInprsent_membrzhvmistrlyshnsgRUpWudHAvtiselthHim!.
430,.stRoGgrpamYlpRysizHelptYlpRysizfrm.Anhlhssed..
431,.DhnAzdAk.khmpazhtindedekshvfoRTwzhnsiksHhnrdTrdIEtstaks.klOzdAtTRIHhnrdsevhnIfoRpYntsiksfyv_dwnziROpYntWhnsiks.
432,.bhtDeRzhnhglIsydtUWhtsgOinatinlOkhlghvrmhntDAtdizrvzklOsrhtenShn_.
433,.AsWiTDhResthvDhRISImHwevr_DeRydIalhjIbikEmkhntAmhnEtid.byDhtrmhvkrhpShn!.
434,.natOnlIdidikantRAktsindetinDhfyDhWepnhnzmAn?hfAkcrrrzkamh_DEolsOkhntEndinsenivklazhzDhtRIWoRdrdphdhkShnWiTwtRIgaRdtUDIinvyRhnmhnt.kamh.sEfDI.AndHelT.piRIhd!.
435,.pItrAfbeRIshkzIdzmistrkhniRindWaSiGthnezhvyspRezhdent.
436,.kWIkf?UcrzWrshpoRthdbykhnsrnDhtWIkmEbIvalnrhbhl!ifkOldsmApsfalODitspAstWIkendzWoRn.Anhlhssed.
437,.HizenbIEolsOrkshmkalIgzHUarkudtempSUhshvfoRhnkansepts.hspeSlIDOzDhtmEkshmWrkHaRdr_.
438,.DhdRapWhzdiSoRthvDhdElIprmitidlimithvTrdIsenshbuShl.piRIhd.
439,..tREddefisitsWIkhndDhdalr+AzDEdidlAstWIk!hndiDhSoRtRAnhWIkrdalrmInzmoRHelpfrekspoRts!.
440,.sfynhlI_DhWrIdnU?oRkrHAdezblhdtestidfrevhdhnshvDIEdzvyRhs.
441,..pEnWebrzmizmhglEdsedhspeShlprmOShnbUstid?iRrlIrsElzsignifikhntlImEkinAtHaRdtUhcIvgEnzinDhlEthstpiRIhd_.
442,.DEnOtidDAtkhnsUmrizmEHAvstepthpDeRprchsizlAstbhnTinoRdrtibIEbhltUdidhktDhsElztAksanDeRnyntInEtIsikstAksRitrrnz.piRIhd.
443,.DhstEtghvrmhntiknalijDhttAkspErzkudlUzizmhcezWhnHhnrdmil?hnostREl?hndalrzOvrRaTWelzpiRIhd.
444,.mask?UrdistRifIHhzbAfhlsynsistevrsinsjIEbIdUkEn_frstRekhgnyzDhdisoRdrhndWhnTwzhn+EtHhndrd.
445,.DhkasthvAnhmhlz?UzdinRIsrcRepRizentsOnlIWhnprsenttitUprsenthvtOthlkastpRI.
446,.DhtRysbynaRkhsOnI!kEmAftrDhfoRmrfynAnsministrenIztURyvhlzWrdeblakt.OvrHUSudbInEmpRezhdent.hvDh@RUliGlibRhldemhkRAtik.paRtht.
447,..WIjistgethgidsyninDAtmaRkitWhlRispand+.
448,.sepRhtlIkamh@mUnIzinnvestrzsrvhsinkoRprEtid.seditplEstsIesAksAnditstRAsprtEShnshbsidIeRIhz_onRIv?UfrpashbhldwngREdbikhzhvsIes~ekshz~RIstRhkcriGplAn.piRIhd.
449,.HIsedHIWudRIOphnnASnhlhsemblIdhbEtankanstitUShnhlRIviZhnkamh_WicinEpRhlHIHAdshspendidhntilAftrDhnyntInEtIEtOlimpiks.piRIhd_.
450,.?IldmAnijmhntizitolbAdfrkhnsUmrz.piRIhd!.
451,.AtHOmDhprmhnhntsekRhteRIhvDhministRIhvkhm?UnhkEShnzhndinfrmEShnHAzRIm?UpDIhmeRhkhnbizniskwnts.
452,.nwDeRdiWydidtUHAvkantRhshpoRtrzdRygTRUDhmorAshvDhlIghlsisthm.piRIhd.
453,.bhtskoRzhvsmolrstaksROzkamhhndsevRhlhvDhbigrnASnhlmaRkitsisthmiSUzmAnijgEnzezWelkamhbikhzhvhkyndWrdfrmhnAnhlhstpiRIhd!.
454,..HIAthDr?UesindhstRIlIdrzhnsisthnsO_DAtimpoRtSudbIshbjektthDhsEmdigRII!.
455,.sIbAhgRIdtURemhdIDIOvrsyt_.
456,.nyDrdidbelgRUphfiShlzhvlhndhn.piRIhd!.
457,.mistrbIzlInwsezHIsotDIhkwniGcEnjizbikhzWiDwtDhmitWhzkliRDhtsUnrlEgrWIWudnItekspErmhnI!.
458,.shcjabzrsInAzDhplhmhvDIindhstRIbikhzhvmrksikstensivlynhvpRadhks.
459,.koRnfrdisembrdilivrIklOzdAttUdalrzhnEtIfoRsenshbuShlkamh_dwnsikspYntfyvsenshbuShl.piRIhd.
460,.ifDhsOvIetsdisydicEnjdDhnEcrhvDhmiShn_DAnwHAvDhRytgyHiR.sezDIizRElIhfiShl@.
461,.EjIedWrts.AzitofhnHAzdriGDhpAst?iR_DhsEntlUisfrmSOdhpitsnynnU?oRkhmpetitrzinDhWEthstRh!.
462,..DhpylhthnhmeRikhnhndtUhDrzhboRddydhnhlh@.
463,.nw@kamh@DhsoRshsE!kamh@mistrlinnrizkhnsidriGmEkiGHizOnbidoRjYniGWiThnhDrSeRHOldroRgRIphvSeRHOldrzanhbid.piRIhd.
464,.AtDhsEmtymkamh.hgResivikspAnchnhbRodHAzmEdDhmOstsWifshvsWisbAGks!hglObhlpWEr!piRIhd!.
465,.WyliknalhjIGDAtphtenchlkamh@shmWestjrmhntUmEkrz.cEs.hndrWestrnRIstRikShnz.piRIhd.
466,..Hwevr+inlythvDhstEksoRedIHeldbyDhveRIhsfAkShnz_OnlIhbwttenprsent.hvjenrhl!dhbiljIzSeRzhpiRtibIhvElhbhlanDhmaRkit..
467,.ifsODhninkRIsiGhkasthRIsrcAnhmhlSudAkSlIRIdUsDhbildhphblikpEzfrAnhmhlRIsrc!.
468,..HIHAdbinsIn?rvyspRezhdenthWaSiGthnaprEShnzfrDhdifenskantRkht.
469,.DhWrIzaRhvtUkyndz.
470,.IvinDhstEtHyrzpRyvhtRipeRRhn.piRIhd.
471,..DhbywtplAnizkhntenShnt+anAlhgEnIhRisIviGDAtWEbr.piRIhd_.
472,.HizembIEolsOWrkshmkalIzHUrkhntempchhshvfoRhnkanseps_hspeSlIDOzDhtmEkDemWrk!.
473,.DhspOksmhnsedHIdidhnprsinlIhndtipRhtDhmUvezhgResivkamh.nOtiGDAtDI.tUgRUpsHAvHAdhloGpiRIhdhfRendlIRIlEShnzpiRIhd.
474,.AndDEbakhtDIhpROcIUzdinmIthndphltIplAntsdASkhntin?UhshnspekShnhvprdhkShnlynzpiRIhd.
475,.DhkhmbyndbiznhsizhkwnhdfrtUHhndrdTrdIfyvmil?hndalrzhvdREbOzEtHhndrdnyntITRImil?hndalrzinnyntInEtIfyvkRevhn?U!.
476,.dijhtAkinkoRprEtidzshpoRtrz.kudhnkhntAndDhmselvz.piRIhd.
477,..nwkamh.WhtevrDeRdRobAkshndRIllyf!kamh_WimpsinfikShnaRnatneshseRhlIbAdTiGzpiRIhd_.
478,..WiTTrdImil?hntelhfOnzkamh@WestjrmhnIReGksbiHyndOnlIDI?UesAndjAphnIzfandmaRkits.piRIhd_.
479,.inmEkamh@hfedRhlkoRtdismisthnenItRhstsUthgenstaRcrHyfhndAn?hlz.stemiGfrmitsnyntInEtItUhgRImhnttUlIshdiSnhlkoRnHyfhnmiliGplAnts.piRIhd_.
480,.edWrctenstishlAkDhstakshvRelhtivWIsmolkhmphnIz.ofrnatWydlIfalOdanWolstRIt_DhtmItRhdiShnhlvAl?UkRytiRIh@.
481,..DisizhspeShlItRUhndDhWrkhv.bRhtiShnovhhstskamh_AndIvinkamh@pRIvIhslEtkamh.AndDhWrkhvWil?hmbYd.piRIhd.
482,..isDIizsevhntInynprsentWrtIzOnlIWhndhzhnWoRmzanevRItRipkamh_DEWud?UzolmOsttenbil?hnWrnzevRI?iR!piRIhd!.
483,.itizEphniSiGkamhAndofhndishpniGikspiRIhnspiRIhd.
484,f.hDIhmendmhntpAshzkamh@itWhlbIinkoRprEtidinthDhHyWElejhslEShn.piRIhd_.
485,.hbwtWhnpYntfyvbil?hndalrzhvdet.izhndrRIv?U.piRIhd.
486,.DhtrniGpYntkEminnyntInsevhnIEtkamh@WinDhflEmzWonhkAslik?UzoRghnhzEShncApIhnSippiRIhd.
487,._dhzhnzhvshksesfhlbiznhsmenHAvfwndHaRtbREkhnWaSiGthnkamh.hndmenIhvDhmHAvmEdmistEksimhlrthdanRIghnz.piRIhd!.
488,.!dhbhlkWOt.WhteRhtEdsmE.kamh@dhbhlkWOt.sezmistrRId!kamh@dhbhlkWOt_izDAtWIdidnhpOzdDhbrliGthnnoRDrnmrjrz.piRIhd.
489,.DeRaRindhkEShnzDhtsElzrslOiGdwnbhtkhnsUmrkReditssrjdhpordiniRh!.
490,.DhstRothmrsEDhtDIrTsfEtizsIld..
491,.DhstEtghvrmhntsinSuRhnsaRmindDhstEtHyfhn@OndbAGkolsOHAvinvesmhntshndRaTWelziksIdiGWhnHhnrdmil?hnostREl?hndalrzpiRIhd.
492,.WiTTrdImil?hntelhfOnzkamh_WestjrmhnIRAGksbiHydOnlIDI?UeshndjAphnIzfanmaRkits.
493,.Dhn?UceRmhnnOzDAtHizphlitikhlkhnekShnzmEkshmmaRkitpaRtishphntshspiShsDAtHIWhltRydhstim?hlEtDIikanhmItiHelpjIOpIkAndhdEtsnekst?iR_.
494,..nwisIbEztRyGtUmEkhmendz.
495,.AtfoRtI?rzOld.mistrWiGezReltivlI?hGfrHizjab_AndDAthpsetskalIgzHUr?UzdtUhgRAjUWhlprmOShnsisthmbEstan.
496,.DhstEtcEmbrhvkamrskamh@WicWhnsbAktsikstIEtkamh@sWictOvrtisevhnITRIhbwttUmhnTshgO.piRIhd.
497,.WrsIiGhRispanshvDhRytdRekShn_bhtitskliRlItemprdbynAcRhlkhnsrvitizhRytnO@.
498,.inenIkEsDeRaRpRablhmrzWiTDhspUdtRAnziShnTIsiz.
499,.RiGHyfhnlIdrzaRshmmeRhlIfyrd.piRIhd.
500,.DIAvRijmaRkitdiklynfrDhshbshkWhntkWoRtrinDOzkEShz.Whzhbwtsevhnprsent.piRIhd!.
501,.EHwshfREzrspOksmhndidhntRItrnfOnkaz?estrdE.piRIhd.
502,.hmhGDhmEjrAsets.kamh@tenhkOzenrjIRizrvzkudbIWrzhbwtfyvbil?hndalrz.kamh@mistrgEnz.TiGks_.
503,._mistrbandkud?UzDhlonROHOldiGtUigzrthndpUhnsanitsbiznhs.piRIhd_.
504,.AvRIthzhvkOlhn.hpoRtfOlIOstRAtijisthtdRekshlbrnhlAmbrt_sezDhlAshnhbYl?hntRIAkShnWhzintyrlIhndkIpiGWiTDhnIlUdanWolstRIt.
505,.sydDilhn?rzfrmnwDhsenWhlslOlIsWw@DIrDhnEH?Ujfyrbal@.
506,.kRisthnSWoRtsHyfhnSOliGkamh@DhpOsthlministr!kamh_bRishlzAtsigdesthnsDhtshckRitisizhmledtiDhdisiZhntidismAnthlDhmhnaphlI.piRIhd.
507,.dhbhlkWOt+DEHAvhnsedDEintendtUREzDeRstEkenIfrDrkamh@dhbhlkWOtHIsed.piRIhd.
508,..frtWentIminhtskamhDhtUgRUpsfEst@ofrmaphshtsydzhvDhstRItkamh_AzhHAnfhlhvtelhviZhnkRUzindfoRhnjrnhlistsRikoRdidDhsIn.piRIhd!.
509,.HhzRists.mhstmEntEnhllevhlhvnetWrTDhtizhtlIstTRIprsenthvDeRlyhbilhtIz.
510,..itinvytidRezidhntsthjYnthkhmitItieRDeRgRybshgenstDhkhmphnIAnddiskhsshlUShnz.
511,..sOmistrlyGtelzpIphlHIhzstn!.
512,..mIntymkamh@mistrmhkaRTIizrplEsiGkI?Un?hnhfiShlzkamh_inplUdiGitsjenrhlkwzhlAndsevnigOSIEtrzpiRIhd_.
513,.dhbhlkWOt_WimhnlukitWhtshvElhbhlinDhstoRIzhndsE.kOlhn!siGghlkWOtHEkamh@DisstoRluksigzAktlIlykmyklazht.piRIhd!.
514,.inRIshnt?rzHIHhzinvestidinjIEefkoRprEShnAndlhWIzIAnhlAnhneksplrEShnkhmphnI.hmhG@hDrzWiDwtbidiGtUhkWyrDhm.
515,..itinvythdRezhdhntstijYnhkhmitIti~eRDeRgRybshgenstDhkhmphnI!AndtiskhsshlUShnz.
516,.menIWontthstoRmmhtAGkAndtEkidhlRh@.
517,..mistrezIzhfoRmriGgliStIjr_izhdeptidDhlivriGstREttokWhzdiplhmAtiksmylzhtsofinDhHaRSnhshvHizWrdz.
518,.AnddipaRtmhnthvHelTindgivhnsrvisizhfiShlzAvspOkhnhgenstmendhtoRItestiG_kamh_hkRintijEmzbRwndkamh@hspOksmhn_frDhphblikHelTsrvis.piRIhd_.
519,.koRnf?UcrzrsIvdshmstReGT.anekspektEShnhvDIAgRhkhlcrdipaRtmhntWudREzsOvIhtimpoRtfoRkAsts_Andhlhs.
520,.DAtWudbIwtfrmElhvaRjikWhnpYntsevhnprsentpEsesthmEtidfrDiskWoRtr.piRIhd.
521,.dhbhlkWOt_dOnhndresthmEthskamhdhbhlkWOt.seznAmjEHI!kamh_DhceRmhnhvDhdebhkRAtikjestispaRtIzpalhsIthmitI.piRIhd.
522,..mistrHOmzhkoRthsedHIplAnztURIvIDhstRhkcrhvbAlgRip!.
